priceUSD,Predictive value
-0.7590256087999999,-0.8653417711195484
-0.7591750358,-0.8505543326583459
-0.7669596758,-0.9232925270269112
-0.7669303395,-0.9221238466313018
-0.7669523873999999,-0.9168995785407598
-0.7656377545999999,-0.9140928832776725
-0.7650400465,-0.9069541081897272
-0.7628359979000001,-0.8882403985300487
-0.7628733547,-0.8848043289767307
-0.7633216358,-0.8936471399631528
-0.7636952033,-0.8940298886987155
-0.7650400465,-0.9053847866841811
-0.7652268303,-0.9017062733457584
-0.7649279763,-0.9014938093704692
-0.7640687709,-0.8935456090869839
-0.7643676249,-0.8956166707682062
-0.7644423384000001,-0.8950875514445416
-0.7645544087,-0.8957095055977418
-0.7650026898000001,-0.8958794579765672
-0.7653762573,-0.9017142050401556
-0.7652268303,-0.8998810969141693
-0.7653015437999999,-0.9010647316261616
-0.7651521168000001,-0.9017203883601133
-0.7651894736,-0.9008047188260494
-0.7646664790000001,-0.8961967555932047
-0.7645544087,-0.8939090299858121
-0.7645544087,-0.8951933649743932
-0.7647411925,-0.8972632708628625
-0.7648906195,-0.8980793858503352
-0.7648159059999999,-0.8976172971957944
-0.7645917655,-0.8960829018911963
-0.7647411925,-0.898056988427951
-0.7649279763,-0.8997607170901691
-0.764965333,-0.9000880758125657
-0.7650774033,-0.9010541310035267
-0.7652641870999999,-0.9011089566413565
-0.7659096072,-0.9078589357786289
-0.7657124681,-0.9051128330532081
-0.7660839212999999,-0.9078677481618427
-0.7663281486,-0.909964300268361
-0.7660786503,-0.9076601507471613
-0.7662098173,-0.9091991363006073
-0.7663304459999999,-0.9106232036084194
-0.7664237295999999,-0.911918282374316
-0.7663057270999999,-0.9097184973636527
-0.7660804470999999,-0.9077164940319553
-0.766163226,-0.9073923062023332
-0.7662221637000001,-0.907297736153186
-0.7662474318000001,-0.9088421381014122
-0.7665342009999999,-0.9119769185816808
-0.7668420243999999,-0.914944607836096
-0.7666416166,-0.9131899356422548
-0.7668940062999999,-0.9145937937228843
-0.767433068,-0.919919732127488
-0.767127572,-0.9171528570402824
-0.766854438,-0.9145017893853324
-0.7670433698000001,-0.9168823221994342
-0.7670618576999999,-0.9169336463097918
-0.767033616,-0.9162903656019733
-0.7671066820999999,-0.9172834677564554
-0.7672731662000001,-0.9185063580335537
-0.7671674578000001,-0.9178885634670735
-0.7673206728,-0.9191057832555447
-0.7671503895,-0.9176913818029853
-0.7672023041,-0.9186523402775343
-0.76725358,-0.9193519653948636
-0.7672272286,-0.9188740258848034
-0.7672517794,-0.9183293149403471
-0.7673104406999999,-0.9186701628777542
-0.7676427739,-0.9219790162153974
-0.7674959057999999,-0.9212635307657634
-0.7676022829000001,-0.9227439581808615
-0.7675507456,-0.9229877234165861
-0.7676639066,-0.922769827640716
-0.7677684757,-0.9245206391864048
-0.7679852943000001,-0.9255193979386152
-0.76793524,-0.9259694097494171
-0.7674817962,-0.9219348056970441
-0.7675814976,-0.922856212028964
-0.7674936120999999,-0.9232539241620432
-0.767282412,-0.9211049183730211
-0.7669493877,-0.9178719506110238
-0.7663440289,-0.9147554860076276
-0.7658245384000001,-0.9109562418149689
-0.7650774033,-0.9055341592154829
-0.7656751114,-0.9116661539586615
-0.7661575851000001,-0.9136665415790608
-0.7656377545999999,-0.9117818053620566
-0.7658821873999999,-0.9147769099405677
-0.7658245384000001,-0.9168255042917097
-0.7662328515000001,-0.9190355209513341
-0.7662176361,-0.9182594329558096
-0.7661468077,-0.9167525936557201
-0.7661769583,-0.9147351963922769
-0.7657498249,-0.9140056563824377
-0.7658618951999999,-0.9159933727139378
-0.7660811943000001,-0.9146102393014984
-0.7666222733,-0.9171125845738799
-0.7662066157999999,-0.9160388902732925
-0.7662150323,-0.916058992911513
-0.7662682731999999,-0.916316072607397
-0.7662124285999999,-0.9145719924900575
-0.7661422651,-0.9142085691795818
-0.7658872455,-0.9135627153151876
-0.7659040597,-0.9139100611002899
-0.7660272548999999,-0.915224175016629
-0.7661280322,-0.9153583469285027
-0.7659374865999999,-0.9132781880164889
-0.7659833308,-0.9139517309191091
-0.7660619705,-0.9143341458056848
-0.7662585231,-0.9157593550644534
-0.7663726629000001,-0.9161554317147156
-0.7663023312999999,-0.9178298052993432
-0.7663546233,-0.918799530578061
-0.7661826253,-0.9177408994727156
-0.7663103593,-0.9188242234337836
-0.7663164670999999,-0.9192645346247663
-0.7663356872,-0.9191566436955736
-0.7665397485,-0.9194335543400182
-0.7665638959000001,-0.919897239632042
-0.7664551391,-0.9195354084682295
-0.7663609179,-0.91756879905708
-0.7664733431,-0.9194738988949459
-0.7665865265999999,-0.9213054710638544
-0.7665176781,-0.9214878474498787
-0.7666255045999999,-0.9219079362415558
-0.7664596218999999,-0.9209978317512548
-0.7661189246,-0.9198289453849815
-0.76596822,-0.9187966875592065
-0.7660239487999999,-0.918177745541707
-0.7658970516,-0.9180879240836964
-0.7657871817,-0.9181671527030428
-0.7658878843000001,-0.9173992682557435
-0.7660922855,-0.9196392326387381
-0.7661550561,-0.9197508789182061
-0.7662046808,-0.9203194049497638
-0.7662128059000001,-0.9189088529751035
-0.766254242,-0.9185803428792932
-0.7663782328000001,-0.9196883942662063
-0.7663870079,-0.9197138847633626
-0.7663774445999999,-0.9204040605492425
-0.7663446715000001,-0.9197901411180469
-0.7664104194,-0.9190280664432775
-0.7663985026000001,-0.9180402378600534
-0.766445277,-0.9184448161167232
-0.7663316265000001,-0.9193573773571619
-0.7661902684999999,-0.9164978279742253
-0.7661095256,-0.9177278811485425
-0.7660583879999999,-0.9172994544905004
-0.7660919006999999,-0.9171222983846193
-0.7659663259999999,-0.9162630964833118
-0.7660369228,-0.9161683331408985
-0.7660485744,-0.9158550356212278
-0.7660270083,-0.9155484718833109
-0.7660757551,-0.916760696325716
-0.7659160587,-0.9161457446982875
-0.7659158495,-0.9154234362448102
-0.7658648239,-0.9142772234319896
-0.7656003979000001,-0.9130905125362241
-0.7653389006,-0.9120513133923693
-0.7654136141,-0.9126281295468976
-0.7651894736,-0.9106210462577419
-0.7650400465,-0.9074639355114561
-0.7650400465,-0.9093491742120767
-0.7646291222,-0.9037491553898767
-0.7642929114,-0.9042417907054067
-0.764517052,-0.9032264650422293
-0.7638819870999999,-0.90367445647941
-0.7638072736,-0.9021677390911427
-0.7639940573999999,-0.8999486154109424
-0.7624997870999999,-0.8907170645133562
-0.7615658681999999,-0.8861550631241727
-0.7601463115,-0.8775303700357937
-0.7611923006999999,-0.8837345667667267
-0.7605945926000001,-0.879146178457025
-0.7601089547,-0.8752265632579859
-0.760221025,-0.8746419099557812
-0.7604825223,-0.8765515445144083
-0.7609308034000001,-0.8783183668745821
-0.7613043709,-0.8811531995941896
-0.7605198791,-0.8763539110079547
-0.7601463115,-0.8751538129845897
-0.7599968845,-0.8735456065572811
-0.7601463115,-0.877980029544335
-0.7601089547,-0.8754852705826515
-0.7585026142,-0.8648043996188652
-0.7577554791,-0.8600860126363825
-0.7546548683,-0.838904858113513
-0.7527870305,-0.8226556921663518
-0.7473703009,-0.797844266807301
-0.7483415766,-0.8079956653460908
-0.7494249225,-0.817926073450925
-0.7496864198000001,-0.8227705284852975
-0.7496864198000001,-0.8198227439814251
-0.7535715223999999,-0.8417256737037626
-0.7555140737,-0.8529945293484792
-0.7532353116,-0.8421940195952626
-0.7521146089,-0.8370581553057274
-0.7533100251,-0.8426312000217002
-0.7521893223999999,-0.8390273633900748
-0.7483789332999999,-0.8189699681419803
-0.7486777873999999,-0.8141869656316464
-0.7464737387999999,-0.807698556671175
-0.7470340901000001,-0.8009162922698653
-0.7473329442000001,-0.8099457450295937
-0.7456518901000001,-0.8046633520260305
-0.7454651064,-0.801279420971254
-0.7459881009,-0.8024426347152479
-0.7410943659,-0.7666554249235611
-0.7380684687000001,-0.7540087131923111
-0.7350799281999999,-0.7415355887602292
-0.7308586147,-0.7069076354871833
-0.727758004,-0.692942233823352
-0.7268987986,-0.6982995008774544
-0.7338097984999999,-0.7258710416057317
-0.7330253066,-0.7278870932125416
-0.7252177445999999,-0.6901589290695241
-0.7276832905,-0.7039404184853014
-0.7280195012999999,-0.7040800271651578
-0.7191285933,-0.6511700828665988
-0.7153929176999999,-0.6385886028114302
-0.7210337879000001,-0.6638715336265434
-0.7209590744,-0.6681024925419267
-0.7226774851000001,-0.6708808773348139
-0.7280942148,-0.6943718224545494
-0.727758004,-0.6984770022316018
-0.7302982634,-0.7083605876363299
-0.731120112,-0.712939899103332
-0.7252177445999999,-0.6863289692649815
-0.7272723661,-0.6983891265176554
-0.7231257662,-0.677471687100494
-0.7275338634,-0.6983889784156682
-0.7293643445,-0.7086457131002749
-0.7285424959000001,-0.6977518530693534
-0.7306344742,-0.7141722972785256
-0.7257033824,-0.6796389670260353
-0.726226377,-0.6775569750892544
-0.7250683175,-0.6771228118124243
-0.7270108689,-0.6925047115033269
-0.7261516634999999,-0.6903247344813702
-0.7261516634999999,-0.6916427389743626
-0.7261890202,-0.6874409540548966
-0.7277206472,-0.6934532336938027
-0.7305597607,-0.7084097392704207
-0.7296258418000001,-0.7037180802309291
-0.7319419607,-0.7157920613889931
-0.7333988740999999,-0.7160882793110306
-0.735416139,-0.7269303259017251
-0.7362006308,-0.7332078955063838
-0.7373213335,-0.7358568585122233
-0.7418041443000001,-0.7581746356257232
-0.7394133118999999,-0.7457556393719298
-0.7382552523999999,-0.7438777955600863
-0.7388156038,-0.7481973774263788
-0.737396047,-0.7336948383533164
-0.7347437174,-0.7265612739774001
-0.7356776362999999,-0.7314057348420351
-0.7371345497,-0.7389887377726442
-0.7380311118999999,-0.7457081635557895
-0.7391518145999999,-0.7514481229172556
-0.7404966578,-0.7557404782849824
-0.73862882,-0.7505288380099162
-0.7396748092000001,-0.7553357006866557
-0.7414679335,-0.7616785619565856
-0.741990928,-0.7666003163172898
-0.7406834416,-0.7555238739392215
-0.7426633495999999,-0.7574416763098053
-0.7417667875,-0.7319818463339023
-0.7367983389,-0.7293787737230613
-0.7363874145999999,-0.718053679846221
-0.7316057498,-0.7047124273361864
-0.7345569336,-0.7219795897916629
-0.7344822201000001,-0.7197859351510364
-0.7329505931,-0.7100562261234296
-0.7347810740999999,-0.7248401120796794
-0.7345942903,-0.721237814555032
-0.7341460093000001,-0.7145623651103126
-0.7349305011,-0.7169305797532348
-0.7343701498,-0.7031853867818587
-0.7322408147,-0.6920425833983089
-0.7320166742,-0.6570327388376279
-0.7303356201000001,-0.6697145207604355
-0.7313442526,-0.7010634951057694
-0.732352885,-0.7131385344620027
-0.7277953607,-0.6866041626519903
-0.7240970419,-0.6591504013795065
-0.719016523,-0.6339001444303038
-0.714122788,-0.6048940980505364
-0.7184561717,-0.6396324344743102
-0.7171486852,-0.640425346745688
-0.7162521231,-0.6188780482533913
-0.7198757284,-0.640611671252288
-0.7218182798,-0.6457104977443427
-0.7228269122,-0.6285983608418831
-0.72331255,-0.6477134183654824
-0.7272723661,-0.6535316944765206
-0.7243585392,-0.6909032994043142
-0.7235366905,-0.6905498263021232
-0.7220050634999999,-0.6875919264263095
-0.716887188,-0.6694609425326187
-0.7173354690000001,-0.6735715825915438
-0.7182693879000001,-0.6802901436664598
-0.7178211069,-0.692229826795862
-0.7181946744,-0.6933132181327197
-0.7172981123000001,-0.6859592125008358
-0.7174848961,-0.6884532333381618
-0.7153929176999999,-0.667716328980315
-0.7156917718000001,-0.6837995971095119
-0.7158785555,-0.6782446644551307
-0.7176343231,-0.7004283196521727
-0.7165883339,-0.6883327232862384
-0.7106859664,-0.6759780632040725
-0.7038123233,-0.6639826541459997
-0.698955945,-0.6514713283128626
-0.7010105665999999,-0.6628850399009903
-0.6924558695,-0.5770304824554002
-0.7121428798999999,-0.6657650783485677
-0.7278700742,-0.7401100448241267
-0.7238729012999999,-0.72880294005078
-0.7254418851000001,-0.6872226006910254
-0.7202866528,-0.7002541239752329
-0.7202119392,-0.6907586852139559
-0.7184935284999999,-0.6932353140735302
-0.7161774096,-0.7020235605947741
-0.7163268366,-0.6932861378597813
-0.7180078906,-0.6990413320834068
-0.7175596096,-0.6952054529785455
-0.7241343986,-0.717376595435353
-0.7225280581,-0.7126774957940757
-0.7231257662,-0.7236420575652115
-0.7239476148999999,-0.7261965567568175
-0.7243211824,-0.733733830321233
-0.7258901662,-0.7230432452267859
-0.7267867283,-0.6799345866056822
-0.7300741228000001,-0.7430482665383467
-0.7302235498999999,-0.7403405149696031
-0.7317925336,-0.7387287122854215
-0.7269361553,-0.7340258542864575
-0.7286545661,-0.7334525489299126
-0.7287292795999999,-0.7325290074640963
-0.7305597607,-0.7368350650568294
-0.7303356201000001,-0.7487740418768455
-0.7299994093000001,-0.7354546636367405
-0.7266373012999999,-0.7090366255258946
-0.7250683175,-0.7283906272232124
-0.7261890202,-0.7432981521791784
-0.7278700742,-0.7302663518672374
-0.7283183553,-0.6637289118799068
-0.7263010905,-0.5531788791882681
-0.7230510526999999,-0.6951102081870564
-0.7223039176,-0.6927198868276747
-0.7147952096,-0.6717514465750365
-0.7161774096,-0.5559053133146956
-0.7220050634999999,-0.6205867290240721
-0.7179705339,-0.48748491793092863
-0.7245826797,-0.5996532704937487
-0.7211085014,-0.620114705626294
-0.721631496,-0.6650879791885093
-0.721780923,-0.6833399450198627
-0.7231257662,-0.687680815822793
-0.7251803878,-0.6688836232857764
-0.7286919229000001,-0.6456288503202229
-0.7364247714,-0.678898810773402
-0.7310827553,-0.6988895356537392
-0.7284304256,-0.6877684115583362
-0.7288039931,-0.7127957515004439
-0.7290281337000001,-0.7105828161296956
-0.7288413498999999,-0.7126333360446867
-0.7274965067,-0.6861176813929735
-0.7239102581,-0.666738013428788
-0.7242464689,-0.6676480590047249
-0.7259275229000001,-0.6977770811867902
-0.7256286689,-0.697453016280646
-0.7263384472,-0.7072990734999987
-0.727758004,-0.7064334845678018
-0.7276459337000001,-0.705847552295584
-0.7280195012999999,-0.7057539227772172
-0.729439058,-0.7150641969611736
-0.729439058,-0.7173821271429422
-0.729439058,-0.7136183240294285
-0.7275712202,-0.6815269974807404
-0.7277953607,-0.7018725240344313
-0.7279821445,-0.6695570677834544
-0.7284304256,-0.7144813442194651
-0.7283930688,-0.7102837942051032
-0.7271976526,-0.6986668449901617
-0.7274217931999999,-0.7141498483175974
-0.7279447878,-0.7129451562803042
-0.7288039931,-0.7112326979265807
-0.7285424959000001,-0.7156432280487286
-0.7276085769,-0.705683945074781
-0.7260022364000001,-0.6933225366583394
-0.7249188905,-0.6900957004661399
-0.7243585392,-0.6973874198800222
-0.7257033824,-0.7061823453697631
-0.7259648797,-0.7150238387534262
-0.7257780959000001,-0.7091473534734705
-0.7259275229000001,-0.717196993584707
-0.7264505175,-0.7030509744493009
-0.7269735120999999,-0.7210473923158391
-0.7260395931999999,-0.7209482691944222
-0.7239849716,-0.7099297442213425
-0.7261143067,-0.7107907012753
-0.7251803878,-0.71067134887235
-0.725143031,-0.7101311627914022
-0.724993604,-0.709328869485754
-0.7249188905,-0.6824556569975008
-0.7226774851000001,-0.6997428133562328
-0.7221918473000001,-0.7050080296210339
-0.7231257662,-0.7038624763022705
-0.720249296,-0.6470039734698871
-0.7156917718000001,-0.6448845998897086
-0.718568242,-0.6870365574440852
-0.720249296,-0.6910907607135025
-0.7198383717,-0.6955643648257842
-0.7215941392,-0.6870969624032834
-0.720398723,-0.7004547422461963
-0.7215567825,-0.7068994491163866
-0.7206228635999999,-0.6819654313051462
-0.7199877987000001,-0.6899123245312639
-0.7207349338,-0.7078403136880168
-0.7202866528,-0.6986636087415332
-0.7203613662999999,-0.684069726882429
-0.7202866528,-0.7057813438180331
-0.7193527339,-0.7163485511950807
-0.7199877987000001,-0.7121389017196378
-0.7209217176,-0.7162739441343109
-0.7215941392,-0.7072626578244718
-0.7222665608,-0.7111814665768671
-0.7239476148999999,-0.6936119771974374
-0.7245453229000001,-0.6902168606633817
-0.7256660256,-0.711652892404748
-0.7255913120999999,-0.7363856433553111
-0.7251056743000001,-0.7649264360890464
-0.7248068202,-0.7135281819017452
-0.724993604,-0.7518261715711958
-0.724844177,-0.7329847859952076
-0.7249188905,-0.720664856051723
-0.7247694634999999,-0.6952367050209829
-0.7225654148999999,-0.7406206899232384
-0.7245826797,-0.7167711262213474
-0.7242838256999999,-0.6974656236198336
-0.7240970419,-0.7257373326495031
-0.7242838256999999,-0.7366281011938692
-0.7246200365000001,-0.7284633995491218
-0.7248815338,-0.72861854047475
-0.7270855824,-0.7358248822984095
-0.726525231,-0.7386632210608288
-0.7267493716,-0.7382910127335471
-0.7281315715000001,-0.7467185251852149
-0.7306344742,-0.7583078992231878
-0.7276459337000001,-0.7377354263493912
-0.7286545661,-0.7224565049948364
-0.7293643445,-0.7062609058733893
-0.7292522742,-0.6518457802777943
-0.7291775607,-0.7658423037637049
-0.7281689283,-0.7542987766197824
-0.7285424959000001,-0.7650895312379876
-0.7288787067,-0.7522298776363975
-0.7290654904,-0.7562412710442674
-0.7291775607,-0.7433820778671494
-0.729737912,-0.7616452535558543
-0.7303356201000001,-0.7314002304657969
-0.7311574688,-0.7628494372683784
-0.732651739,-0.7583070004006878
-0.7318672471,-0.7689900094307202
-0.732352885,-0.7634775201841194
-0.7314189661,-0.7669518401280825
-0.7320166742,-0.7572566915810431
-0.7322781715000001,-0.7706023135259711
-0.7341833659999999,-0.7807281155431639
-0.7335109444,-0.7776008378232347
-0.7338097984999999,-0.7770929488270039
-0.7336230147,-0.7072755521909811
-0.7325396688,-0.67447106564824
-0.7328011659999999,-0.7784828015234587
-0.7351172849,-0.7236555450551267
-0.7344075066,-0.7870691126638063
-0.7348184309,-0.7830272808569599
-0.7359764903,-0.7812449938392696
-0.7369851226999999,-0.7884908944077313
-0.7391144578,-0.7906368037751929
-0.7374707606,-0.7938075299372341
-0.7379937551000001,-0.7786403511465027
-0.7405713713,-0.7801920168786968
-0.7400857335,-0.7929893144775465
-0.7419162145,-0.7925255326201268
-0.7441949766,-0.7825073972273725
-0.7401230902,-0.7959889764837036
-0.7382926092000001,-0.7887228180379873
-0.7390771011,-0.7866460855208415
-0.7380684687000001,-0.7943529365607523
-0.7392265281,-0.794557841083507
-0.7390023876,-0.7943468596665888
-0.7377696145999999,-0.7959107005898167
-0.7380311118999999,-0.7906284143994354
-0.7388156038,-0.78555795937452
-0.7402351604999999,-0.7942652810414815
-0.7402351604999999,-0.7945377799487712
-0.7402351604999999,-0.8049848718683419
-0.7401978037000001,-0.7932276198165614
-0.7410943659,-0.7969925843311347
-0.7409822956000001,-0.7955661461276118
-0.7400857335,-0.7644816418487336
-0.7412811497,-0.777162144915708
-0.7428874902,-0.8141400072137794
-0.7424765659,-0.8223543786528464
-0.7429622037000001,-0.8242402019377472
-0.7424018523999999,-0.817479411066361
-0.7428874902,-0.8126558988482582
-0.7414305767,-0.8043282367565336
-0.73862882,-0.8009732907191052
-0.7391518145999999,-0.7874627193432641
-0.7397868794,-0.815881239972838
-0.7390771011,-0.8086476120386391
-0.7383299659,-0.8012285427813143
-0.7333241606,-0.7602690535377368
-0.7274217931999999,-0.7462409888621042
-0.7311574688,-0.7582144751996364
-0.7313442526,-0.7681291879485265
-0.7327264525,-0.7863783350813757
-0.7310827553,-0.7647840387279322
-0.7308586147,-0.765780385656077
-0.7302235498999999,-0.7662466271718319
-0.7332868039,-0.7567693831645181
-0.7328758795999999,-0.7718181945234988
-0.7330253066,-0.787168811073439
-0.7328758795999999,-0.7871040015468069
-0.7326890958,-0.7816630499431396
-0.7335856579000001,-0.7774941608959891
-0.731120112,-0.7866948347619825
-0.7313442526,-0.7847046264837365
-0.7307839012,-0.7684447809232662
-0.7299994093000001,-0.7837988811367393
-0.7288413498999999,-0.78105344094077
-0.729588485,-0.7833029175220936
-0.7295137715000001,-0.7790275541653271
-0.7299246958,-0.7816184113777997
-0.7301114795999999,-0.782763129293989
-0.7300741228000001,-0.784974447967228
-0.7302235498999999,-0.7883680052499887
-0.7301488364000001,-0.789216384990123
-0.7304103337000001,-0.7857551015958473
-0.7301488364000001,-0.7852715032106501
-0.7294764148,-0.7866096971568575
-0.7294764148,-0.7871563989563213
-0.7292149175,-0.7875411749229133
-0.7280195012999999,-0.782167985158861
-0.7268614418000001,-0.7865358795432924
-0.7271976526,-0.7835228134999912
-0.7268987986,-0.7844530704632953
-0.7264878743000001,-0.7846943553448336
-0.7268614418000001,-0.785024506879987
-0.7283183553,-0.7783114411887125
-0.7274217931999999,-0.7872127576878409
-0.7271976526,-0.7816352504623233
-0.7270855824,-0.7728581481145662
-0.7274217931999999,-0.7636348002416307
-0.7208843609000001,-0.7483309579086141
-0.7213326419,-0.764452052107429
-0.7214073554000001,-0.7665278678854803
-0.7221171338,-0.7733200836554415
-0.7217062095000001,-0.7751879327766611
-0.7218929933,-0.766827708426951
-0.7234993338,-0.7719492094768399
-0.7221918473000001,-0.7761359417232179
-0.7225280581,-0.7811251754297951
-0.72054815,-0.7649465002749787
-0.7208096473000001,-0.7745745025786044
-0.7190912366,-0.770523302733155
-0.7153929176999999,-0.7281316364320842
-0.7118813826,-0.7275395133356803
-0.7103871124,-0.7228594086266784
-0.7047462422,-0.6643590902957092
-0.6984703072,-0.6890564108960614
-0.6966771829,-0.7191143669689476
-0.700487572,-0.7318636921467515
-0.6975737451,-0.7132512571422867
-0.6964530423999999,-0.7131090213204698
-0.6990680153000001,-0.7169978205706614
-0.7074359287,-0.7166304583045864
-0.7033266855,-0.7071127949405908
-0.6972375343,-0.6848930905391618
-0.6894299722,-0.6784545401544395
-0.6818091940000001,-0.6047884735498186
-0.6628693187,-0.6114859826139944
-0.6625704646,-0.6147073428215353
-0.6375040813,-0.45522454824495007
-0.5980179901,-0.36690586807499925
-0.594506455,-0.397443341373546
-0.6368690164,-0.5404350460816804
-0.6021272333,-0.4451214296099647
-0.6070583251,-0.46295082788403563
-0.6085152386,-0.49498990543755966
-0.6105698602,-0.4823102457572783
-0.6065726872,-0.44306116838667764
-0.5694400717,-0.3440379730672104
-0.5799373202,-0.3812113093680824
-0.5779200553,-0.38031551458789786
-0.5838971363000001,-0.41222674305288215
-0.5806844553,-0.404784782819667
-0.5711584825,-0.35097906208167684
-0.5762763581,-0.27541980999346477
-0.5827017201,-0.4380483283970466
-0.5800493904,-0.38501952508285087
-0.5872218875999999,-0.3494962617070161
-0.6055266981,-0.4787133207915486
-0.6027622981,-0.46158193704620804
-0.6006703198,-0.4080381176117304
-0.6094491575,-0.4983924696751015
-0.6134463304,-0.5359825185250491
-0.6041818549,-0.5194458302059339
-0.6079175305,-0.5052990392602692
-0.6070956818,-0.5112072314164292
-0.6072451089,-0.5199958940855308
-0.5965984334000001,-0.4958574454004649
-0.5829258607,-0.4517397270333622
-0.5915926281,-0.487509412844707
-0.586400039,-0.5097485630535449
-0.5878195957,-0.49271813808521714
-0.5890897254,-0.4647543908947515
-0.5800867472,-0.4428718331538102
-0.5897995038,-0.4663507571166041
-0.5841586336,-0.4923663796569271
-0.58961272,-0.49057103055671475
-0.588081093,-0.5073128635831599
-0.5870351038,-0.45986920556636757
-0.5825522931,-0.4851070476406732
-0.5831500011999999,-0.4169156321923488
-0.5723165419,-0.42550346784478343
-0.5371264777,-0.36987233893865207
-0.5029076890999999,-0.3048012701992389
-0.5135543646,-0.3479989954375157
-0.47328378159999995,-0.09739948733046383
-0.4832580354,-0.2768224504814695
-0.48101663009999995,-0.30831923347628953
-0.4717895113,-0.22844119402443186
-0.4082456692,-0.04913540469949826
-0.41504459880000005,-0.24871694582428602
-0.40398699899999996,-0.22091012424107098
-0.4193779825,-0.2014003104380722
-0.4287918851,-0.2311112387742289
-0.42909073909999995,-0.2722249783247056
-0.4342459715,-0.2789745167112415
-0.43551610119999995,-0.30669834787173444
-0.4382805011,-0.35738217937767514
-0.4301367283,-0.3054015154516894
-0.43047293909999995,-0.2603881313383649
-0.4244585014,-0.26429324984583247
-0.43618852280000003,-0.1368977401097492
-0.4339844742,-0.2730052578115042
-0.407050253,-0.15296789633751756
-0.2868735687,-0.16473600083404985
-0.29314950370000004,-0.07324983531915424
-0.17872575989999998,0.17013055062186988
-0.1314694634,0.10105126135842735
-0.08727642099999999,0.2326868868131876
-0.0603795566,0.2000582017680509
-0.1150324908,0.16261505432794776
-0.17256189510000003,-0.09597235127457363
-0.1762975707,-0.047418747867649325
-0.1340470796,-0.012999187227443254
-0.038862065099999996,0.25719062427039086
0.09551018650000001,0.6424843802193396
0.09293257029999999,0.467888687685993
0.060805760099999995,0.3783951667364548
0.06517650059999999,0.23143884904774925
0.0676420465,0.1462462848870738
0.1466142288,0.4200700388915682
0.15909138539999998,0.33345986563213637
0.21759206539999998,0.39891183498748506
0.1941693793,0.28434441408778904
0.2082155196,0.3220016669677416
0.2839003074,0.35783684817588446
0.49601196840000006,0.6239717297738964
0.5048655196,0.9661427012935289
0.7085719105,1.1433535649913031
0.7156696942,1.0664296726671316
0.5696794914,0.785229067980752
0.5796537453,0.8138946541100461
0.6121541231000001,0.8056245642264248
0.648166036,0.8415730635797639
0.6195507607999999,1.024522762195642
0.6138351771,1.4354141193731846
0.5735272373,0.970474435272078
0.4920521523,1.0852433079634825
0.4873825578,0.9440572834857968
0.5066212872,0.7579282496211983
0.43878141810000004,0.6899748465323566
0.3621253547,0.8915707262815851
0.24908381079999997,0.5410052817622153
0.3251048094,0.4201370650666154
0.4570862286,0.8692542999969207
0.3628724898,0.6526382023361115
0.3262628688,0.6849953888379554
0.2581615025,0.4547137157549923
0.30780863129999997,0.7387563461688202
0.28457272899999997,0.6225800439200957
0.2506154378,0.5452058149022974
0.2347761732,0.47759999381481993
0.2403423298,0.543582942313649
0.1489677045,0.35251438140648184
0.17112026079999998,0.2778786104226959
0.1382089587,0.5554273968475928
0.020572533799999997,0.49489516337823625
-0.0331091247,0.3536085601975787
0.09636939189999999,0.5341867705546934
0.0131385394,0.4045897344120621
-0.0235457951,0.37301596583171504
-0.1361390579,0.40132349580842475
-0.1719268303,0.1310794707538675
-0.041028757,0.09107412318947089
0.1080620566,0.48080813481595924
-0.0022150874,0.16483250180085096
0.0748892572,0.15823491736395975
0.0442567172,0.13404795033291425
0.08632042449999999,0.29375778226485655
0.0757484625,0.34779337589716364
0.0685759654,0.22439985151050135
0.0040234909,0.17709147915765555
-0.0043070657,0.26114831284512335
-0.006324330600000001,0.31563328455010653
-0.0473420487,0.06407341090289975
0.0027160044,0.09722370320035234
-0.0321752058,0.23036606400836912
-0.0049421306,0.04824253071003545
0.078438149,0.25977696389111044
0.0529234846,0.26073710605045153
0.0720875005,0.23896412453941007
0.0628977385,0.12024907443038363
0.1883043686,0.13669590980591456
0.206310325,0.3210312636787142
0.23567273530000002,0.32123128051307026
0.3422515604,0.23482192349087908
0.3397486578,0.5909988460000444
0.330521539,0.569511300514239
0.3836428462,0.39415862563366744
0.3898440677,0.3764479330079522
0.3437458307,0.6005114313806337
0.3509183278,0.6313819781442169
0.3130759339,0.7015382921788571
0.36156500329999997,0.6499182716546724
0.35745576009999996,0.7494370765973675
0.3368348308,0.5007777392992948
0.33855324159999994,0.4058418228968811
0.3528982359,0.5799645194657119
0.4297410832,0.49177813358168443
0.4081488781,0.5631356362098044
0.416292651,0.5856954718169651
0.4486436017,0.6405179034895647
0.4706093743,0.36115035669758944
0.47946292549999997,0.4158416567056126
0.538038319,0.6704596152862223
0.5302681138,0.7377776429889557
0.6106224961,0.7450699821119614
0.6441315063,0.8556086067273652
0.6629219546,0.7020448147463362
0.6791721435,0.552907764965427
0.5387480974000001,0.42931998541883537
0.5271675029999999,0.915012952166781
0.3420274199,0.775291084470867
0.402657435,0.9545030213240673
0.47632495799999996,0.6982675812450475
0.46183053659999995,0.7126472565712811
0.336797474,0.8106673641993665
0.3289151985,0.39556809808866145
0.3127770799,0.6060478240652699
0.33104453359999997,0.6997229260535368
0.3179323122,0.5578736174488408
0.26365294559999997,0.6860069142781862
0.0343945336,0.6311732250822916
0.167571369,0.41702207049707996
0.1488182774,0.2643503842280688
0.17265188780000001,0.41488880464144495
0.32742092829999997,0.49569156200897646
0.2839376642,0.3953165508918311
0.28856990190000004,0.3389381633522715
0.1946176604,0.19518603444823512
0.21886219510000002,0.20943459499195896
0.299590145,0.22281402991439714
0.2846847993,0.41422449077226076
0.3225271932,0.40455285895473125
0.3026160422,0.3803576821421876
0.3752749328,0.37755333808984337
0.34781771710000003,0.3321990134670775
0.3192771554,0.23054223926053008
0.35689540880000004,0.25320605096928817
0.3603695871,0.39903647122394403
0.34169120909999995,0.40052443560982237
0.3240214635,0.29318386130447116
0.324096177,0.2387253987634736
0.3329870849,0.2501225454438391
0.3843152678,0.1935663709012661
0.39242168380000003,0.2544877599966502
0.38349341909999995,0.30354012177003953
0.3421394902,0.3406480106627587
0.35551320880000004,0.3491092370462303
0.3641799762,0.36841651033913125
0.36634666810000005,0.40649238309566427
0.496236109,0.3146161018944399
0.49877636840000006,0.2761928224878619
0.4882417632,0.18349908714408358
0.47617553100000004,0.6115786877566339
0.4143874564,0.3836016100228047
0.405421835,0.2705278811877689
0.3811773003,0.33348701267455433
0.3644414735,0.22983736161632473
0.3531597332,0.2941889116769296
0.3328003011,0.4212604003722563
0.3029896098,0.33234939858946727
0.3452774577,0.2729487657000891
0.34370847390000003,0.275377790518024
0.3380676037,0.21283730401737588
0.3433349063,0.15043587362419547
0.33758196590000006,0.16761449625090546
0.368961641,0.3075628791029217
0.3786743976,0.34363525933628103
0.3726226031,0.4282878652247455
0.3164753987,0.5007959974997216
0.3081448421,0.2844622791049308
0.3715766139,0.09483267407719301
0.3512545386,0.08321147968944526
0.3377687497,0.2726994925929733
0.34576309549999995,0.3104651951676592
0.32969969039999997,0.47697328849599907
0.38338134890000003,0.4224090836391563
0.4283215264,0.4357951485845165
0.345837809,0.23260772023188253
0.40598218630000005,0.5064399663799445
0.3773295544,0.4330184164821261
0.4137150348,0.4881057804700616
0.49291135770000005,0.663297870653274
0.4760261039,0.49501533544838566
0.4638104447,0.5191162882004209
0.4705720176,0.29488952934814583
0.5281761354,0.3372519764021454
0.5531678052000001,0.8151663135910651
0.6030390746000001,0.7439426661659369
0.5764037075,0.7037739878261966
0.6553385331,0.6941645704746122
0.7713686175,0.6327505847984811
1.0073886024,0.7548131585720435
0.9711151923000001,0.5690414611796434
0.9918855486,0.995318595288619
1.0254692723999999,1.0895559635187586
0.9984229809999999,1.1565386154359676
0.8412631081,0.9209579331883391
0.8935625666,0.7975730102169268
0.9744025868,0.7305523517125763
0.9626352086,0.7983118592035292
0.9714140463,0.873893019792276
0.9872533109,1.0493433191810748
0.9585259655,1.5025002126039944
0.8231824381999999,1.105175574630587
0.8553839619,0.9267685527736385
0.9388763118000001,0.7044810919537566
0.9965924999,0.9230608367205573
0.8754445398999999,1.089290343123143
1.1815084425,1.4322376944658308
1.6395769856,1.740928376221981
1.8475794034,2.216268790180851
1.8318522091,1.7961747472288654
1.7937856747,1.4981639237137208
1.8313292145,1.4261771892378035
1.9265515858000002,1.8095335654375508
2.1961552944,2.50829003695404
2.3217487083000004,2.4789079689423033
2.2945529899,2.5895348104474887
2.3035186114,2.837575882585809
1.7755929343999999,1.7000518078808553
1.9267010128,1.3683249241722704
1.8411540413999998,1.5383477127108443
2.0821051181,1.9230025186339996
2.1254389551,1.9855524866538021
2.0777717344,2.244191898845686
1.9962592926,2.5314316232840746
2.046429416,2.808795059579575
1.890987954,1.9054522258967213
2.0536766266999997,1.8956213428248259
2.115651485,2.742480561818842
2.5402110179,2.922742937587607
2.8230390182,4.135711227101622
2.8754879037,3.47761671451518
2.9479600105,3.2266410441717026
3.1267494450999997,3.308794068726724
3.5572860589,4.125192759167025
3.511486676,4.426787894862853
4.0880508493,4.202844305710754
3.9675753108999996,4.160668080069034
3.5573981292,3.5234028687049848
3.9764662188999997,3.4596904445694783
4.4509343779,3.3230791475672636
4.330384126,4.668845510405591
4.0592487904,3.8887059547462397
3.195224379,3.8797212812925324
3.0274925442000002,3.5367958602903413
3.0737402082,2.8857618942424166
3.1339966558,2.1334995511547232
3.5476480157999997,3.1637712035879186
3.1728476820999996,2.68982179593886
2.9816558045,2.700008478351604
2.9193073786,2.61371984564077
3.2022474491,2.3052502102563808
3.1629481417000003,2.9187888112181106
3.1743419523000003,2.1112599844290694
3.3836518567000002,2.2140440784453723
3.8876692097000003,3.363166530195167
3.6539279869,3.0672323801220127
3.2316472162,2.863019809187702
3.4120056345,3.2425175762767457
3.0997031537,3.0789793229272786
2.6642728048,1.9119134255301296
2.8340966180000002,2.0388082461008543
2.3495421349,2.2352775809712213
1.874289484,1.7721338179385793
2.1831925,1.9786691820888185
2.0539754808,1.1313611260975063
2.2879782008,1.7320922025413388
2.527024083,1.8238045767167752
2.4404311224,1.5827631229499854
2.2843545955,1.963198701118439
2.4777878785,1.8045380296497369
2.3843586315,1.6268922123541762
2.6811580586000003,1.8160793212590884
2.7224746308,1.2444457902825379
2.7596819599,1.2044760067092894
2.8665222822000005,1.196433250275191
2.6734625668,1.5233500086126512
2.7552738625999997,1.7212842294158561
2.5706194173,1.4835282766723894
2.402962296,2.117897104363124
2.2622393959,1.4070626357774156
2.4490231763,1.1720371922183712
2.3663526751,1.023288544015322
2.3880943071000003,1.6116970836839117
2.4817850513999997,1.4522010777779841
2.5100641157,1.6022072235245282
2.4281781064,1.5026161829251123
2.4870149972,1.4748977440102664
2.4307930793,1.020499215028171
2.428850528,0.9467067918882048
2.46867283,1.4641724850427507
2.4199969768000003,1.618022674529973
2.2797223577000003,1.9891215846681911
2.0417598215,1.365404749420231
1.8535938411000001,1.258482964316153
1.9580433311,1.0227271998465841
1.7904982801,0.8543059755452387
1.9365631963999999,1.1772886730497547
1.8384643549000002,1.7146941663024593
1.8125761230000002,1.4592729986423447
1.52724522,1.2629214403433124
1.5158140527000001,1.09193674428434
1.478083729,0.8845296053306876
1.2911505215999999,1.3188463185862593
1.2724347868,1.3191649471439861
1.3101277537,1.0729437493324474
1.3190186616,1.077306113513024
1.3302256885,0.9892083550914036
1.2471442629,1.3310352316812215
1.2572679437999998,0.9528311933301226
1.1830400695,0.5604888066939772
1.1889797937,1.0354130868593578
1.0593518501,1.225047443578211
0.9125397987,0.9753142832940402
0.9042839556000001,1.0213644868460872
0.6719996463,0.9160553863027291
0.7059942943999999,0.6446133687502171
0.7143995645000001,0.5193823175165766
0.6488384576,0.6816925516881528
0.6772669489,0.792210649460641
0.7862366064,0.7943229150035426
0.6497723765,0.8202884703262762
0.6601575547,0.7924354156885973
0.6140219609,0.5098093917475908
0.6714019381999999,0.6692149582423765
0.7278853534,0.8919243140582044
0.7224686238,0.6734526218088395
0.78078252,0.7651958572178952
0.8373406487,0.9268662998076923
1.072688212,1.0726567151424948
1.0705215202,0.624219727641447
1.108998979,0.6793763544063804
1.21804335,0.8641255856885405
1.1398556595,0.9457659176288625
1.1106053195,0.9690409444462025
1.1880458748,1.0381553483138581
1.3522288178,1.2491611769012008
1.5315786037,1.183951119338463
1.4946701287000002,1.078140569490834
1.5510041169,2.096799400409167
1.6339361153999998,1.6411095949102696
1.8717492246,1.3304954723095475
1.539348809,1.1729231039368562
1.703830606,1.2856103250996063
1.6386057099,1.1566520855882558
1.7852683343,1.029411427219627
1.8071220366,1.2996752163438723
1.7350234972999998,1.139663038743948
1.748546643,1.5547538998470691
1.7952799449,1.5387550420908007
2.1322005280000003,2.7628214822159913
2.1613387977,1.477744019669513
2.2790499361000003,1.3019881358005303
2.194063316,2.1864808921359415
2.05087487,1.6523483976982574
2.0429925945,1.7506521483627364
2.0417971783,1.6465524833440777
1.9462759530000002,1.5246637412430661
1.7702135615999999,1.29052506160097
1.7974466368000002,1.1263123214252704
1.9676440175,1.775631960377226
1.9617042932,1.6207267516559416
1.8755969705000002,1.5205467108710375
1.8779504461,1.611536266480277
1.7411500053,1.5394567623343265
1.8269584741,1.4485744707690886
1.8376051494999999,1.2786607410854118
1.9095916185,1.5539563433828834
1.8460477763999998,1.8761910286784886
1.6461517746,1.7488247311058849
1.4140542490999999,1.6554764020897612
1.4798021397999999,1.4292050582524434
1.4248503516,1.2246868540139189
1.4289222380000002,1.6473669883209694
1.3710939796000001,1.877734097601493
1.1585713943,1.5548531767628577
1.3478954341,1.5738867505046548
1.3167772563,1.6409119399778755
1.3921258333000002,1.717188000804763
1.3987006224,1.2623463187470705
1.4391579892,1.2613228159390997
1.5444293278,1.5708867179920567
1.4471896916999998,1.5236478624597187
1.5101358257,1.607817367061604
1.5005351394,1.6065564775419063
1.4921298693,1.5651197920404618
1.4752072588,1.2515703553949549
1.4506638700999999,1.4140400815844902
1.1911091288,1.4601138139556573
1.2204341823,1.5682335695862109
1.0908435955,1.8203283534089394
1.0174749266,1.7794488966601443
1.1747468697,1.9038070521909067
1.0624151041,0.9826643274859519
1.0962229684,0.9749880360314657
1.0959241143,1.1275023133360007
1.1692927833,1.308593159119137
1.2421011009,1.479258440218356
1.2344056091,1.4001016366626176
1.199813253,1.4722669760726967
0.9722358949,0.9721670292100217
1.0039891376,1.0900450062063125
0.9336463659,1.4042758225582537
0.9515402520999999,1.3585155660071013
0.8451108540000001,1.3060778393108985
0.8826543939,1.3232827813430883
0.8090615844,1.2961417551497032
0.8599414862,0.6133092368581013
0.9310313929999999,0.3578761931863424
0.9257267336,0.6391555634636248
1.0063052565000001,0.7252539838352587
0.9643162626999999,0.6268986077004781
0.9760462840999999,0.6995625555628909
1.0024575106,0.6067052388293235
1.0013368079,0.49762355616988396
1.0686163256,0.7767926759785904
1.0566995204,0.9604659620127984
1.0091817267,0.9248749944371613
0.8536281943999999,0.7225792355478459
0.8983815881999999,0.6376759994329164
0.8395073406,0.5365942705784503
0.8535908376000001,0.49569319304029336
0.8587087132,0.4295126511855514
0.9130254366,1.0312847230382214
1.0238255751,0.9935895175477244
1.1013782007,1.248831798387312
1.0258801967,1.0353777185552961
0.9835923487999999,1.0027877003643357
0.9139967122,0.6543385375333305
0.9579282574,0.8061204936129523
0.9467212305,1.1319056385471684
0.915715123,1.1174291691818903
1.0231905101999998,1.143189992369723
0.9948740891,0.9631551417759077
0.9637932681,1.0802679127909829
0.9849745487999999,0.8335636476174304
0.9746640840999999,0.7504155813921483
0.9743278733,0.9592211597099685
0.938540101,1.3246883075224485
0.8512000053000001,0.9640584629948548
0.8024120818000001,0.9814642886757883
0.7716301148,0.9670087317575701
0.7928113955,0.7287648344042196
0.7521298881,0.6757007968897638
0.7641587636,0.85699531191536
0.7500752665,0.710534434224499
0.6495482359,0.6864493421448039
0.563926551,0.5821747799655546
0.5968378531,0.7556172580031505
0.4790893579,0.7448775634365576
0.42888187780000003,0.5931189806994784
0.4266031156,0.9461806880157595
0.3001878531,0.8525869392059852
0.2778485129,0.6866401896223866
0.2866273506,0.7097435262811522
0.30508158809999997,0.5470710506083393
0.4138271051,0.43826268361265763
0.3349296362,0.3918079767960113
0.3562603439,0.6672584580990915
0.2514746431,0.5208167481629506
0.2837508804,0.5462710359207873
0.2455722757,0.5390887962366993
0.2693311726,0.5305629726665777
0.28864461539999997,0.4700755130535087
0.27459847519999997,0.4860341392817602
0.2590207079,0.6356256561654338
0.3012338422,0.5773759334180142
0.3367601173,0.38829575754208817
0.3128144366,0.42464979964067906
0.291782583,0.46835194901265903
0.2894664641,0.48468615743363136
0.33410778760000004,0.5127290866162091
0.3330991552,0.6685186566247417
0.3111333826,0.8904631718600723
0.2989924369,0.5699075255805574
0.09577168380000001,0.5425345262530754
0.0878520515,0.5235554002422481
0.044443500999999996,0.3855696882831953
-0.0285142437,0.3477558504987821
-0.0304941517,0.39045786607380895
-0.029261378799999998,0.30598841095731316
-0.0769285996,0.3683171176781109
-0.0834286751,0.1886727239167968
0.0248685608,0.14254672659293452
0.014184528500000002,0.016717069857875
0.0627109547,0.033183986432327256
0.0581534304,0.21263884288379242
-0.033333265200000003,0.07967511374142591
0.012914398799999999,0.07861445960633753
0.0159776528,0.15894966336666128
0.0718633599,0.21643166768910213
0.1543844341,0.08282447530381395
0.130662894,0.0758499620447489
0.1450452451,0.15713225034777475
0.0833692408,0.11274423159553551
0.047207900899999995,0.11125842675181122
0.0352163822,0.09780599909621146
0.0860215705,0.12794658014792876
0.0586390683,-0.09774238824817205
0.0945762676,0.10048489116949963
0.1016366945,0.0955176512110497
0.0937170622,0.06567254225467585
0.0761967436,0.24482994265515726
0.053932117,0.3109232649956777
0.060731046600000005,0.3511390762741019
0.0804554138,0.3109522943698515
0.0725731383,0.09014642400155518
0.0765703112,0.25661932650025837
0.0885244731,0.2454570637357107
0.0807169111,0.2386221368012274
0.0732082031,0.3653297965568889
-0.0646382268,0.24382663042568112
-0.0360603084,0.20064698342844792
-0.0236205086,0.14378628040732366
-0.0401321948,0.2394239257020013
0.0135121069,0.3936168860709805
0.0157161555,0.38065479685145703
0.005181550300000001,0.39316860358493827
-0.0102841467,0.31021743979221517
-0.0093502278,0.24244122279410069
-0.0023271577,0.25833174842677553
-0.0031490063,0.3573573212505373
-0.007445033199999999,0.33754126427584363
-0.0070341089,0.3741713993622235
-0.0080053846,0.3902956551821578
-0.0137209683,0.35434348643086633
-0.0099105791,0.17089236497728616
-0.0056145522,0.17826571878194628
-0.0031490063,0.4189976768645841
-0.0329223409,0.416562386297645
-0.031241286899999998,0.40521931964063607
-0.0316522112,0.3192697455618263
-0.0262728383,0.20594590426488582
-0.019698049199999998,0.10053436641525512
-0.021864741099999998,0.0939276236847004
0.0040608476000000004,0.34561844459152613
0.012914398799999999,0.21782139424938385
0.048141819800000006,0.2014373927949515
0.0422768091,0.161357255312988
0.0223283014,0.26201081815227645
0.0147822366,0.13237182883795628
0.024158782400000002,0.2093396916729764
0.0205351771,0.3115353070492582
0.0154546582,0.22489535733645782
0.0019315125,0.25562629737130277
-0.0900781777,0.18880528584573153
-0.09392592359999999,0.1455245508107263
-0.11450949619999999,-0.012573634737886696
-0.1189175934,0.0222749375304825
-0.1077105666,0.5072112856644843
-0.2136916836,0.3504220696367015
-0.2797010716,0.0516031974356273
-0.2585197909,0.09368879538070718
-0.29733346039999997,0.08894857101068561
-0.3089887683,-0.05650411753494693
-0.3469805893,0.017012865471725647
-0.3349890705,0.08047699293408896
-0.36648081590000003,-0.036893444867383454
-0.3579261188,0.03294364914039748
-0.3111554602,0.03904612307420409
-0.32979648149999996,0.9504326077052984
-0.3459719568,0.6925096839318564
-0.3277792166,-0.1299690124131537
-0.3348396435,0.013147944070688686
-0.3631560646,-0.017677814245370377
-0.35740312420000003,0.05130685095129525
-0.3868776047,0.04010898139651342
-0.4272229013,0.08884498076196926
-0.4206481122,0.12560086522258462
-0.4257659878,-0.03240098859057865
-0.4147457448,0.10021417419366418
-0.4274843986,-0.024798901849110197
-0.4385793552,-0.006625082081895453
-0.4309212202,3.0279011761683017e-05
-0.4459759929,0.013332588160560932
-0.4547548305,0.006761774084280137
-0.45404505219999997,0.0007941800996079107
-0.45064558740000005,0.007591323059447971
-0.4142974637,-0.0489253953146489
-0.389754075,0.0946964864365066
-0.3919581236,0.005470093554562475
-0.33685690840000004,0.10314118868102301
-0.36069051869999996,-0.16468370105419144
-0.33151489219999997,-0.21849842510246165
-0.2815689094,-0.12897642674419818
-0.2428673101,-0.15279619803789504
-0.2843706661,-0.07472780558960086
-0.2767872446,0.031001880204574506
-0.33289709219999997,-0.05775712477129206
-0.2523185693,0.028984170930148465
-0.25545653690000003,-0.18160489218100104
-0.24649091539999998,-0.021039513590945358
-0.2711837312,-0.15079075701897152
-0.24092475870000002,-0.07377241984239367
-0.1898207164,0.11939009658994662
-0.213318116,0.04046008080169735
-0.19303339739999997,0.000999177129431858
-0.1875793111,-0.10581254103493448
-0.18007060309999998,0.10704189563855446
-0.2018869486,0.10421592686998515
-0.207191608,0.1115778911130398
-0.20610826210000002,0.003943297852218197
-0.2921408713,0.07874695619687361
-0.29318686050000003,-0.20486766253137964
-0.299238655,-0.09624643703054303
-0.3325982382,0.13572117194524025
-0.2870603525,0.006567491796904815
-0.314554925,-0.12983950883103212
-0.3079801359,-0.12769398157314527
-0.3076812819,-0.11011348635340718
-0.3153020601,-0.3018852295195325
-0.3040203198,-0.31571454414077593
-0.322661341,-0.13812539548715486
-0.3321126003,-0.19567548912068455
-0.3261355194,-0.15502125644230674
-0.3308051139,-0.141412414004536
-0.330319476,-0.17241838044357483
-0.3348770003,-0.2534104150462672
-0.3343540057,-0.25395771730010247
-0.3463828812,-0.09869824309633232
-0.3709262699,-0.19202743744945883
-0.3758200049,-0.21505239837865991
-0.3627824971,-0.22257618057906248
-0.36931992939999997,-0.21573913057980942
-0.3681245132,-0.3238184039361678
-0.3568427729,-0.3966295323087919
-0.36752680509999996,-0.42398608968644613
-0.36752680509999996,-0.42213912985788177
-0.36775094560000005,-0.3640398492603472
-0.37794934,-0.35900531185558304
-0.37865911840000005,-0.47043151687504325
-0.3242676816,-0.44213303711078783
-0.3235205464,-0.5240591927993334
-0.30312375760000004,-0.3939212900253504
-0.3169084006,-0.40169365241238936
-0.3118278818,-0.4005093380405451
-0.3122761629,-0.40472126465464736
-0.3158997682,-0.3423392802282227
-0.31235087640000003,-0.4001665887821126
-0.3094370494,-0.597404663163534
-0.2726406447,-0.47175888288733003
-0.2226946618,-0.47305328857445933
-0.22728954280000002,-0.43662139187730137
-0.2116744187,-0.3076422070548061
-0.22392743469999998,-0.3379055536483687
-0.2141773214,-0.5584950908442875
-0.17599871670000003,-0.6116794257770374
-0.2634135259,-0.3932852736573372
-0.2479104721,-0.34376279300426654
-0.2539622666,-0.36364803163720943
-0.2604996989,-0.3929935054757071
-0.2584077206,-0.2916583235265449
-0.2602382016,-0.39141799050713383
-0.2660658556,-0.38655737083777864
-0.2758906824,-0.27963468995076946
-0.2922155848,-0.4428464535579442
-0.2542237639,-0.3909193071949172
-0.2505628018,-0.34838931964508746
-0.2529162774,-0.3988209685738907
-0.265692288,-0.5161642220265552
-0.2534019153,-0.5829473442469874
-0.2583703638,-0.47900133948041984
-0.2689796826,-0.4101897697993765
-0.2667382772,-0.38919062116306097
-0.2720055798,-0.3796145538850534
-0.2706233798,-0.43881463650578983
-0.2544105477,-0.5861786802934341
-0.23823507230000002,-0.39501969015977456
